"User ID","Value","Gene Name","Species"
"1-Sep","","",""
"AADACL2","","arylacetamide deacetylase like 2(AADACL2)","Homo sapiens"
"AADACL3","","arylacetamide deacetylase like 3(AADACL3)","Homo sapiens"
"ABCA10","","ATP binding cassette subfamily A member 10(ABCA10)","Homo sapiens"
"ABCA6","","ATP binding cassette subfamily A member 6(ABCA6)","Homo sapiens"
"ABCA8","","ATP binding cassette subfamily A member 8(ABCA8)","Homo sapiens"
"ABCA9","","ATP binding cassette subfamily A member 9(ABCA9)","Homo sapiens"
"ABCB1","","ATP binding cassette subfamily B member 1(ABCB1)","Homo sapiens"
"ABCC8","","ATP binding cassette subfamily C member 8(ABCC8)","Homo sapiens"
"ABCC9","","ATP binding cassette subfamily C member 9(ABCC9)","Homo sapiens"
"ABI3BP","","ABI family member 3 binding protein(ABI3BP)","Homo sapiens"
"ABLIM1","","actin binding LIM protein 1(ABLIM1)","Homo sapiens"
"ABLIM3","","actin binding LIM protein family member 3(ABLIM3)","Homo sapiens"
"AC011239.1","","",""
"AC078925.1","","",""
"AC139426.2","","",""
"ACACB","","acetyl-CoA carboxylase beta(ACACB)","Homo sapiens"
"ACADSB","","acyl-CoA dehydrogenase short/branched chain(ACADSB)","Homo sapiens"
"ACE","","angiotensin I converting enzyme(ACE)","Homo sapiens"
"ACOX2","","acyl-CoA oxidase 2(ACOX2)","Homo sapiens"
"ACR","","acrosin(ACR)","Homo sapiens"
"ACSBG1","","acyl-CoA synthetase bubblegum family member 1(ACSBG1)","Homo sapiens"
"ACSM2B","","acyl-CoA synthetase medium chain family member 2B(ACSM2B)","Homo sapiens"
"ACSM5","","acyl-CoA synthetase medium chain family member 5(ACSM5)","Homo sapiens"
"ACSS3","","acyl-CoA synthetase short chain family member 3(ACSS3)","Homo sapiens"
"ACTA2","","actin alpha 2, smooth muscle(ACTA2)","Homo sapiens"
"ADAD2","","adenosine deaminase domain containing 2(ADAD2)","Homo sapiens"
"ADAM32","","ADAM metallopeptidase domain 32(ADAM32)","Homo sapiens"
"ADAM33","","ADAM metallopeptidase domain 33(ADAM33)","Homo sapiens"
"ADAMTS1","","ADAM metallopeptidase with thrombospondin type 1 motif 1(ADAMTS1)","Homo sapiens"
"ADAMTS15","","ADAM metallopeptidase with thrombospondin type 1 motif 15(ADAMTS15)","Homo sapiens"
"ADAMTS5","","ADAM metallopeptidase with thrombospondin type 1 motif 5(ADAMTS5)","Homo sapiens"
"ADAMTS8","","ADAM metallopeptidase with thrombospondin type 1 motif 8(ADAMTS8)","Homo sapiens"
"ADAMTS9","","ADAM metallopeptidase with thrombospondin type 1 motif 9(ADAMTS9)","Homo sapiens"
"ADAMTSL5","","ADAMTS like 5(ADAMTSL5)","Homo sapiens"
"ADCY5","","adenylate cyclase 5(ADCY5)","Homo sapiens"
"ADCYAP1R1","","ADCYAP receptor type I(ADCYAP1R1)","Homo sapiens"
"ADH1A","","alcohol dehydrogenase 1A (class I), alpha polypeptide(ADH1A)","Homo sapiens"
"ADH1B","","alcohol dehydrogenase 1B (class I), beta polypeptide(ADH1B)","Homo sapiens"
"ADIRF","","adipogenesis regulatory factor(ADIRF)","Homo sapiens"
"ADRB2","","adrenoceptor beta 2(ADRB2)","Homo sapiens"
"AFF3","","ALF transcription elongation factor 3(AFF3)","Homo sapiens"
"AGTR1","","angiotensin II receptor type 1(AGTR1)","Homo sapiens"
"AK5","","adenylate kinase 5(AK5)","Homo sapiens"
"AK9","","adenylate kinase 9(AK9)","Homo sapiens"
"AKAP12","","A-kinase anchoring protein 12(AKAP12)","Homo sapiens"
"AKR1C3","","aldo-keto reductase family 1 member C3(AKR1C3)","Homo sapiens"
"AL050303.1","","",""
"AL163636.6","","",""
"AL445665.1","","",""
"AL953854.2","","",""
"ALB","","albumin(ALB)","Homo sapiens"
"ALDH1A1","","aldehyde dehydrogenase 1 family member A1(ALDH1A1)","Homo sapiens"
"ALDH1A2","","aldehyde dehydrogenase 1 family member A2(ALDH1A2)","Homo sapiens"
"ALDH1L1","","aldehyde dehydrogenase 1 family member L1(ALDH1L1)","Homo sapiens"
"ALDH3A1","","aldehyde dehydrogenase 3 family member A1(ALDH3A1)","Homo sapiens"
"ALG9","","ALG9 alpha-1,2-mannosyltransferase(ALG9)","Homo sapiens"
"ALOXE3","","arachidonate epidermal lipoxygenase 3(ALOXE3)","Homo sapiens"
"ALX4","","ALX homeobox 4(ALX4)","Homo sapiens"
"AMOTL1","","angiomotin like 1(AMOTL1)","Homo sapiens"
"AMY2B","","amylase alpha 2B(AMY2B)","Homo sapiens"
"ANGPTL1","","angiopoietin like 1(ANGPTL1)","Homo sapiens"
"ANK2","","ankyrin 2(ANK2)","Homo sapiens"
"ANKFN1","","ankyrin repeat and fibronectin type III domain containing 1(ANKFN1)","Homo sapiens"
"ANKRD18A","","ankyrin repeat domain 18A(ANKRD18A)","Homo sapiens"
"ANKRD18B","","ankyrin repeat domain 18B(ANKRD18B)","Homo sapiens"
"ANKRD20A3","","",""
"ANKRD29","","ankyrin repeat domain 29(ANKRD29)","Homo sapiens"
"ANO2","","anoctamin 2(ANO2)","Homo sapiens"
"AOC3","","amine oxidase copper containing 3(AOC3)","Homo sapiens"
"AOX1","","aldehyde oxidase 1(AOX1)","Homo sapiens"
"APCDD1","","APC down-regulated 1(APCDD1)","Homo sapiens"
"AQP1","","aquaporin 1 (Colton blood group)(AQP1)","Homo sapiens"
"AQP7","","aquaporin 7(AQP7)","Homo sapiens"
"AR","","androgen receptor(AR)","Homo sapiens"
"ARC","","activity regulated cytoskeleton associated protein(ARC)","Homo sapiens"
"AREG","","amphiregulin(AREG)","Homo sapiens"
"ARG1","","arginase 1(ARG1)","Homo sapiens"
"ARHGAP20","","Rho GTPase activating protein 20(ARHGAP20)","Homo sapiens"
"ARHGAP23","","Rho GTPase activating protein 23(ARHGAP23)","Homo sapiens"
"ARHGAP24","","Rho GTPase activating protein 24(ARHGAP24)","Homo sapiens"
"ARHGAP40","","Rho GTPase activating protein 40(ARHGAP40)","Homo sapiens"
"ARHGAP42","","Rho GTPase activating protein 42(ARHGAP42)","Homo sapiens"
"ARHGAP6","","Rho GTPase activating protein 6(ARHGAP6)","Homo sapiens"
"ARHGEF25","","Rho guanine nucleotide exchange factor 25(ARHGEF25)","Homo sapiens"
"ARID5B","","AT-rich interaction domain 5B(ARID5B)","Homo sapiens"
"ARL4D","","ARF like GTPase 4D(ARL4D)","Homo sapiens"
"ASPRV1","","aspartic peptidase retroviral like 1(ASPRV1)","Homo sapiens"
"ASTN1","","astrotactin 1(ASTN1)","Homo sapiens"
"ASTN2","","astrotactin 2(ASTN2)","Homo sapiens"
"ASXL3","","ASXL transcriptional regulator 3(ASXL3)","Homo sapiens"
"ATF3","","activating transcription factor 3(ATF3)","Homo sapiens"
"ATOH8","","atonal bHLH transcription factor 8(ATOH8)","Homo sapiens"
"ATP10B","","ATPase phospholipid transporting 10B (putative)(ATP10B)","Homo sapiens"
"ATP1A2","","ATPase Na+/K+ transporting subunit alpha 2(ATP1A2)","Homo sapiens"
"ATP9B","","ATPase phospholipid transporting 9B (putative)(ATP9B)","Homo sapiens"
"AWAT2","","acyl-CoA wax alcohol acyltransferase 2(AWAT2)","Homo sapiens"
"B3GALT1","","beta-1,3-galactosyltransferase 1(B3GALT1)","Homo sapiens"
"BDKRB2","","bradykinin receptor B2(BDKRB2)","Homo sapiens"
"BEGAIN","","brain enriched guanylate kinase associated(BEGAIN)","Homo sapiens"
"BLOC1S6","","biogenesis of lysosomal organelles complex 1 subunit 6(BLOC1S6)","Homo sapiens"
"BMP4","","bone morphogenetic protein 4(BMP4)","Homo sapiens"
"BTG2","","BTG anti-proliferation factor 2(BTG2)","Homo sapiens"
"BTNL8","","butyrophilin like 8(BTNL8)","Homo sapiens"
"BTNL9","","butyrophilin like 9(BTNL9)","Homo sapiens"
"C10orf129","","",""
"C14orf23","","",""
"C15orf59","","",""
"C16orf45","","",""
"C16orf89","","chromosome 16 open reading frame 89(C16orf89)","Homo sapiens"
"C19orf35","","",""
"C1orf21","","chromosome 1 open reading frame 21(C1orf21)","Homo sapiens"
"C1QTNF7","","C1q and TNF related 7(C1QTNF7)","Homo sapiens"
"C2orf40","","",""
"C4orf32","","",""
"C7","","complement C7(C7)","Homo sapiens"
"C7orf63","","",""
"C8orf4","","",""
"CA12","","carbonic anhydrase 12(CA12)","Homo sapiens"
"CA4","","carbonic anhydrase 4(CA4)","Homo sapiens"
"CAB39L","","calcium binding protein 39 like(CAB39L)","Homo sapiens"
"CACNA1G","","calcium voltage-gated channel subunit alpha1 G(CACNA1G)","Homo sapiens"
"CACNA2D1","","calcium voltage-gated channel auxiliary subunit alpha2delta 1(CACNA2D1)","Homo sapiens"
"CACNA2D3","","calcium voltage-gated channel auxiliary subunit alpha2delta 3(CACNA2D3)","Homo sapiens"
"CADM2","","cell adhesion molecule 2(CADM2)","Homo sapiens"
"CADM3","","cell adhesion molecule 3(CADM3)","Homo sapiens"
"CALML3","","calmodulin like 3(CALML3)","Homo sapiens"
"CAPN11","","calpain 11(CAPN11)","Homo sapiens"
"CAPN6","","calpain 6(CAPN6)","Homo sapiens"
"CAPN8","","calpain 8(CAPN8)","Homo sapiens"
"CAPNS2","","calpain small subunit 2(CAPNS2)","Homo sapiens"
"CASQ2","","calsequestrin 2(CASQ2)","Homo sapiens"
"CAV1","","caveolin 1(CAV1)","Homo sapiens"
"CBLN1","","cerebellin 1 precursor(CBLN1)","Homo sapiens"
"CCDC136","","coiled-coil domain containing 136(CCDC136)","Homo sapiens"
"CCDC170","","coiled-coil domain containing 170(CCDC170)","Homo sapiens"
"CCDC177","","coiled-coil domain containing 177(CCDC177)","Homo sapiens"
"CCDC180","","coiled-coil domain containing 180(CCDC180)","Homo sapiens"
"CCDC68","","coiled-coil domain containing 68(CCDC68)","Homo sapiens"
"CCL14","","C-C motif chemokine ligand 14(CCL14)","Homo sapiens"
"CCL27","","C-C motif chemokine ligand 27(CCL27)","Homo sapiens"
"CCL28","","C-C motif chemokine ligand 28(CCL28)","Homo sapiens"
"CD34","","CD34 molecule(CD34)","Homo sapiens"
"CD36","","CD36 molecule (CD36 blood group)(CD36)","Homo sapiens"
"CDC27","","cell division cycle 27(CDC27)","Homo sapiens"
"CDH5","","cadherin 5(CDH5)","Homo sapiens"
"CDH6","","cadherin 6(CDH6)","Homo sapiens"
"CDH8","","cadherin 8(CDH8)","Homo sapiens"
"CDHR1","","cadherin related family member 1(CDHR1)","Homo sapiens"
"CDO1","","cysteine dioxygenase type 1(CDO1)","Homo sapiens"
"CDRT1","","",""
"CELF6","","CUGBP Elav-like family member 6(CELF6)","Homo sapiens"
"CERS3","","ceramide synthase 3(CERS3)","Homo sapiens"
"CES1","","carboxylesterase 1(CES1)","Homo sapiens"
"CFB","","complement factor B(CFB)","Homo sapiens"
"CFD","","complement factor D(CFD)","Homo sapiens"
"CH25H","","cholesterol 25-hydroxylase(CH25H)","Homo sapiens"
"CHD1","","chromodomain helicase DNA binding protein 1(CHD1)","Homo sapiens"
"CHGA","","chromogranin A(CHGA)","Homo sapiens"
"CHL1","","cell adhesion molecule L1 like(CHL1)","Homo sapiens"
"CHP2","","calcineurin like EF-hand protein 2(CHP2)","Homo sapiens"
"CHRDL1","","chordin like 1(CHRDL1)","Homo sapiens"
"CHTF8","","chromosome transmission fidelity factor 8(CHTF8)","Homo sapiens"
"CIDEA","","cell death inducing DFFA like effector a(CIDEA)","Homo sapiens"
"CIDEC","","cell death inducing DFFA like effector c(CIDEC)","Homo sapiens"
"CITED1","","Cbp/p300 interacting transactivator with Glu/Asp rich carboxy-terminal domain 1(CITED1)","Homo sapiens"
"CKS1B","","CDC28 protein kinase regulatory subunit 1B(CKS1B)","Homo sapiens"
"CLCA4","","chloride channel accessory 4(CLCA4)","Homo sapiens"
"CLEC2A","","C-type lectin domain family 2 member A(CLEC2A)","Homo sapiens"
"CLEC2B","","C-type lectin domain family 2 member B(CLEC2B)","Homo sapiens"
"CLEC3B","","C-type lectin domain family 3 member B(CLEC3B)","Homo sapiens"
"CLIC5","","chloride intracellular channel 5(CLIC5)","Homo sapiens"
"CLMP","","CXADR like membrane protein(CLMP)","Homo sapiens"
"CLN3","","CLN3 lysosomal/endosomal transmembrane protein, battenin(CLN3)","Homo sapiens"
"CLSTN2","","calsyntenin 2(CLSTN2)","Homo sapiens"
"CMA1","","chymase 1(CMA1)","Homo sapiens"
"CMYA5","","cardiomyopathy associated 5(CMYA5)","Homo sapiens"
"CNN1","","calponin 1(CNN1)","Homo sapiens"
"CNR1","","cannabinoid receptor 1(CNR1)","Homo sapiens"
"CNTFR","","ciliary neurotrophic factor receptor(CNTFR)","Homo sapiens"
"CNTN1","","contactin 1(CNTN1)","Homo sapiens"
"CNTN4","","contactin 4(CNTN4)","Homo sapiens"
"CNTNAP3","","contactin associated protein family member 3(CNTNAP3)","Homo sapiens"
"COL14A1","","collagen type XIV alpha 1 chain(COL14A1)","Homo sapiens"
"COL17A1","","collagen type XVII alpha 1 chain(COL17A1)","Homo sapiens"
"COL21A1","","collagen type XXI alpha 1 chain(COL21A1)","Homo sapiens"
"COL25A1","","collagen type XXV alpha 1 chain(COL25A1)","Homo sapiens"
"COL4A6","","collagen type IV alpha 6 chain(COL4A6)","Homo sapiens"
"COL6A6","","collagen type VI alpha 6 chain(COL6A6)","Homo sapiens"
"COLCA1","","colorectal cancer associated 1(COLCA1)","Homo sapiens"
"CORIN","","corin, serine peptidase(CORIN)","Homo sapiens"
"CORO2B","","coronin 2B(CORO2B)","Homo sapiens"
"CPA3","","carboxypeptidase A3(CPA3)","Homo sapiens"
"CPE","","carboxypeptidase E(CPE)","Homo sapiens"
"CPEB1","","cytoplasmic polyadenylation element binding protein 1(CPEB1)","Homo sapiens"
"CPED1","","cadherin like and PC-esterase domain containing 1(CPED1)","Homo sapiens"
"CRCT1","","cysteine rich C-terminal 1(CRCT1)","Homo sapiens"
"CREB5","","cAMP responsive element binding protein 5(CREB5)","Homo sapiens"
"CRIP1","","cysteine rich protein 1(CRIP1)","Homo sapiens"
"CRYBG3","","crystallin beta-gamma domain containing 3(CRYBG3)","Homo sapiens"
"CSF3","","colony stimulating factor 3(CSF3)","Homo sapiens"
"CSRNP1","","cysteine and serine rich nuclear protein 1(CSRNP1)","Homo sapiens"
"CSRNP3","","cysteine and serine rich nuclear protein 3(CSRNP3)","Homo sapiens"
"CSTA","","cystatin A(CSTA)","Homo sapiens"
"CTSG","","cathepsin G(CTSG)","Homo sapiens"
"CTTNBP2","","cortactin binding protein 2(CTTNBP2)","Homo sapiens"
"CXCL12","","C-X-C motif chemokine ligand 12(CXCL12)","Homo sapiens"
"CXCL14","","C-X-C motif chemokine ligand 14(CXCL14)","Homo sapiens"
"CXCL3","","C-X-C motif chemokine ligand 3(CXCL3)","Homo sapiens"
"CXorf36","","",""
"CYP2A7","","cytochrome P450 family 2 subfamily A member 7(CYP2A7)","Homo sapiens"
"CYP4B1","","cytochrome P450 family 4 subfamily B member 1(CYP4B1)","Homo sapiens"
"CYP4F12","","cytochrome P450 family 4 subfamily F member 12(CYP4F12)","Homo sapiens"
"CYP4F2","","cytochrome P450 family 4 subfamily F member 2(CYP4F2)","Homo sapiens"
"CYP4F22","","cytochrome P450 family 4 subfamily F member 22(CYP4F22)","Homo sapiens"
"CYP4F3","","cytochrome P450 family 4 subfamily F member 3(CYP4F3)","Homo sapiens"
"DAAM2","","dishevelled associated activator of morphogenesis 2(DAAM2)","Homo sapiens"
"DACH1","","dachshund family transcription factor 1(DACH1)","Homo sapiens"
"DACT2","","dishevelled binding antagonist of beta catenin 2(DACT2)","Homo sapiens"
"DARC","","",""
"DCAF8","","DDB1 and CUL4 associated factor 8(DCAF8)","Homo sapiens"
"DCLK1","","doublecortin like kinase 1(DCLK1)","Homo sapiens"
"DCN","","decorin(DCN)","Homo sapiens"
"DCT","","dopachrome tautomerase(DCT)","Homo sapiens"
"DCX","","doublecortin(DCX)","Homo sapiens"
"DEFB130","","",""
"DES","","desmin(DES)","Homo sapiens"
"DGAT2L6","","diacylglycerol O-acyltransferase 2 like 6(DGAT2L6)","Homo sapiens"
"DGKG","","diacylglycerol kinase gamma(DGKG)","Homo sapiens"
"DIO3","","iodothyronine deiodinase 3(DIO3)","Homo sapiens"
"DIRAS3","","DIRAS family GTPase 3(DIRAS3)","Homo sapiens"
"DKK2","","dickkopf WNT signaling pathway inhibitor 2(DKK2)","Homo sapiens"
"DLG2","","discs large MAGUK scaffold protein 2(DLG2)","Homo sapiens"
"DLK1","","delta like non-canonical Notch ligand 1(DLK1)","Homo sapiens"
"DMD","","dystrophin(DMD)","Homo sapiens"
"DMKN","","dermokine(DMKN)","Homo sapiens"
"DNALI1","","dynein axonemal light intermediate chain 1(DNALI1)","Homo sapiens"
"DNMBP","","dynamin binding protein(DNMBP)","Homo sapiens"
"DPP6","","dipeptidyl peptidase like 6(DPP6)","Homo sapiens"
"DPT","","dermatopontin(DPT)","Homo sapiens"
"DPYS","","dihydropyrimidinase(DPYS)","Homo sapiens"
"DSC1","","desmocollin 1(DSC1)","Homo sapiens"
"DSC3","","desmocollin 3(DSC3)","Homo sapiens"
"DSG1","","desmoglein 1(DSG1)","Homo sapiens"
"DUOX2","","dual oxidase 2(DUOX2)","Homo sapiens"
"EBF1","","EBF transcription factor 1(EBF1)","Homo sapiens"
"EBF3","","EBF transcription factor 3(EBF3)","Homo sapiens"
"EDN3","","endothelin 3(EDN3)","Homo sapiens"
"EDNRB","","endothelin receptor type B(EDNRB)","Homo sapiens"
"EFCAB1","","",""
"EFEMP1","","EGF containing fibulin extracellular matrix protein 1(EFEMP1)","Homo sapiens"
"EFNA3","","ephrin A3(EFNA3)","Homo sapiens"
"EFNB3","","ephrin B3(EFNB3)","Homo sapiens"
"EGFLAM","","EGF like, fibronectin type III and laminin G domains(EGFLAM)","Homo sapiens"
"EGFR","","epidermal growth factor receptor(EGFR)","Homo sapiens"
"EGR1","","early growth response 1(EGR1)","Homo sapiens"
"EGR2","","early growth response 2(EGR2)","Homo sapiens"
"EGR3","","early growth response 3(EGR3)","Homo sapiens"
"EIF4E3","","eukaryotic translation initiation factor 4E family member 3(EIF4E3)","Homo sapiens"
"ELL2","","elongation factor for RNA polymerase II 2(ELL2)","Homo sapiens"
"ELOVL3","","ELOVL fatty acid elongase 3(ELOVL3)","Homo sapiens"
"EMCN","","endomucin(EMCN)","Homo sapiens"
"ENDOU","","endonuclease, poly(U) specific(ENDOU)","Homo sapiens"
"ENPP2","","ectonucleotide pyrophosphatase/phosphodiesterase 2(ENPP2)","Homo sapiens"
"EPHA4","","EPH receptor A4(EPHA4)","Homo sapiens"
"ERBB4","","erb-b2 receptor tyrosine kinase 4(ERBB4)","Homo sapiens"
"EREG","","epiregulin(EREG)","Homo sapiens"
"ERG","","ETS transcription factor ERG(ERG)","Homo sapiens"
"ERVW-1","","endogenous retrovirus group W member 1, envelope(ERVW-1)","Homo sapiens"
"ESR1","","estrogen receptor 1(ESR1)","Homo sapiens"
"ETFDH","","electron transfer flavoprotein dehydrogenase(ETFDH)","Homo sapiens"
"F10","","coagulation factor X(F10)","Homo sapiens"
"FAM104B","","",""
"FAM107A","","family with sequence similarity 107 member A(FAM107A)","Homo sapiens"
"FAM110D","","family with sequence similarity 110 member D(FAM110D)","Homo sapiens"
"FAM126A","","",""
"FAM13A","","family with sequence similarity 13 member A(FAM13A)","Homo sapiens"
"FAM13C","","family with sequence similarity 13 member C(FAM13C)","Homo sapiens"
"FAM189A2","","",""
"FAM228B","","family with sequence similarity 228 member B(FAM228B)","Homo sapiens"
"FAM3B","","FAM3 metabolism regulating signaling molecule B(FAM3B)","Homo sapiens"
"FAM47E-STBD1","","FAM47E-STBD1 readthrough(FAM47E-STBD1)","Homo sapiens"
"FAM83C","","family with sequence similarity 83 member C(FAM83C)","Homo sapiens"
"FAM90A1","","family with sequence similarity 90 member A1(FAM90A1)","Homo sapiens"
"FAM90A26","","family with sequence similarity 90 member A26(FAM90A26)","Homo sapiens"
"FAT2","","FAT atypical cadherin 2(FAT2)","Homo sapiens"
"FAT4","","FAT atypical cadherin 4(FAT4)","Homo sapiens"
"FAXDC2","","fatty acid hydroxylase domain containing 2(FAXDC2)","Homo sapiens"
"FBLN5","","fibulin 5(FBLN5)","Homo sapiens"
"FBXL7","","F-box and leucine rich repeat protein 7(FBXL7)","Homo sapiens"
"FBXO15","","F-box protein 15(FBXO15)","Homo sapiens"
"FGF10","","fibroblast growth factor 10(FGF10)","Homo sapiens"
"FGF22","","fibroblast growth factor 22(FGF22)","Homo sapiens"
"FGF7","","fibroblast growth factor 7(FGF7)","Homo sapiens"
"FGFBP1","","fibroblast growth factor binding protein 1(FGFBP1)","Homo sapiens"
"FGFBP2","","fibroblast growth factor binding protein 2(FGFBP2)","Homo sapiens"
"FHL1","","four and a half LIM domains 1(FHL1)","Homo sapiens"
"FIGF","","",""
"FILIP1L","","filamin A interacting protein 1 like(FILIP1L)","Homo sapiens"
"FLG","","filaggrin(FLG)","Homo sapiens"
"FLG2","","filaggrin 2(FLG2)","Homo sapiens"
"FLNC","","filamin C(FLNC)","Homo sapiens"
"FLRT2","","fibronectin leucine rich transmembrane protein 2(FLRT2)","Homo sapiens"
"FOSB","","FosB proto-oncogene, AP-1 transcription factor subunit(FOSB)","Homo sapiens"
"FOSL1","","FOS like 1, AP-1 transcription factor subunit(FOSL1)","Homo sapiens"
"FOXN1","","forkhead box N1(FOXN1)","Homo sapiens"
"FOXP2","","forkhead box P2(FOXP2)","Homo sapiens"
"FREM1","","FRAS1 related extracellular matrix 1(FREM1)","Homo sapiens"
"FRMPD2","","FERM and PDZ domain containing 2(FRMPD2)","Homo sapiens"
"FXYD1","","FXYD domain containing ion transport regulator 1(FXYD1)","Homo sapiens"
"GABRA2","","gamma-aminobutyric acid type A receptor subunit alpha2(GABRA2)","Homo sapiens"
"GALNT16","","polypeptide N-acetylgalactosaminyltransferase 16(GALNT16)","Homo sapiens"
"GALT","","galactose-1-phosphate uridylyltransferase(GALT)","Homo sapiens"
"GAREM","","",""
"GAS7","","growth arrest specific 7(GAS7)","Homo sapiens"
"GATA3","","GATA binding protein 3(GATA3)","Homo sapiens"
"GATM","","glycine amidinotransferase(GATM)","Homo sapiens"
"GCOM1","","GCOM1, MYZAP-POLR2M combined locus(GCOM1)","Homo sapiens"
"GDF10","","growth differentiation factor 10(GDF10)","Homo sapiens"
"GFRA1","","GDNF family receptor alpha 1(GFRA1)","Homo sapiens"
"GFRA2","","GDNF family receptor alpha 2(GFRA2)","Homo sapiens"
"GLDN","","gliomedin(GLDN)","Homo sapiens"
"GNAO1","","G protein subunit alpha o1(GNAO1)","Homo sapiens"
"GNG2","","G protein subunit gamma 2(GNG2)","Homo sapiens"
"GOLGA6A","","golgin A6 family member A(GOLGA6A)","Homo sapiens"
"GOLGA7B","","golgin A7 family member B(GOLGA7B)","Homo sapiens"
"GOLGA8G","","golgin A8 family member G(GOLGA8G)","Homo sapiens"
"GPAM","","glycerol-3-phosphate acyltransferase, mitochondrial(GPAM)","Homo sapiens"
"GPC3","","glypican 3(GPC3)","Homo sapiens"
"GPD1","","glycerol-3-phosphate dehydrogenase 1(GPD1)","Homo sapiens"
"GPIHBP1","","glycosylphosphatidylinositol anchored high density lipoprotein binding protein 1(GPIHBP1)","Homo sapiens"
"GPM6A","","glycoprotein M6A(GPM6A)","Homo sapiens"
"GPR116","","",""
"GPR133","","",""
"GPR144","","",""
"GPR17","","G protein-coupled receptor 17(GPR17)","Homo sapiens"
"GPRASP1","","G protein-coupled receptor associated sorting protein 1(GPRASP1)","Homo sapiens"
"GPX3","","glutathione peroxidase 3(GPX3)","Homo sapiens"
"GRAMD1C","","GRAM domain containing 1C(GRAMD1C)","Homo sapiens"
"GREB1","","growth regulating estrogen receptor binding 1(GREB1)","Homo sapiens"
"GRIA1","","glutamate ionotropic receptor AMPA type subunit 1(GRIA1)","Homo sapiens"
"GRIA4","","glutamate ionotropic receptor AMPA type subunit 4(GRIA4)","Homo sapiens"
"GRIK3","","glutamate ionotropic receptor kainate type subunit 3(GRIK3)","Homo sapiens"
"GRIK5","","glutamate ionotropic receptor kainate type subunit 5(GRIK5)","Homo sapiens"
"GRPR","","gastrin releasing peptide receptor(GRPR)","Homo sapiens"
"GSC","","goosecoid homeobox(GSC)","Homo sapiens"
"GSTM2","","glutathione S-transferase mu 2(GSTM2)","Homo sapiens"
"GSTM5","","glutathione S-transferase mu 5(GSTM5)","Homo sapiens"
"GULP1","","GULP PTB domain containing engulfment adaptor 1(GULP1)","Homo sapiens"
"GYPE","","glycophorin E (MNS blood group)(GYPE)","Homo sapiens"
"HAL","","histidine ammonia-lyase(HAL)","Homo sapiens"
"HAND2","","heart and neural crest derivatives expressed 2(HAND2)","Homo sapiens"
"HAO2","","hydroxyacid oxidase 2(HAO2)","Homo sapiens"
"HAS3","","hyaluronan synthase 3(HAS3)","Homo sapiens"
"HBEGF","","heparin binding EGF like growth factor(HBEGF)","Homo sapiens"
"HCAR2","","hydroxycarboxylic acid receptor 2(HCAR2)","Homo sapiens"
"HCAR3","","hydroxycarboxylic acid receptor 3(HCAR3)","Homo sapiens"
"HDC","","histidine decarboxylase(HDC)","Homo sapiens"
"HGD","","homogentisate 1,2-dioxygenase(HGD)","Homo sapiens"
"HGF","","hepatocyte growth factor(HGF)","Homo sapiens"
"HHATL","","hedgehog acyltransferase like(HHATL)","Homo sapiens"
"HHLA1","","HHLA1 neighbor of OC90(HHLA1)","Homo sapiens"
"HHLA2","","HHLA2 member of B7 family(HHLA2)","Homo sapiens"
"HIF3A","","hypoxia inducible factor 3 subunit alpha(HIF3A)","Homo sapiens"
"HLF","","HLF transcription factor, PAR bZIP family member(HLF)","Homo sapiens"
"HMCN2","","hemicentin 2(HMCN2)","Homo sapiens"
"HMGCLL1","","3-hydroxy-3-methylglutaryl-CoA lyase like 1(HMGCLL1)","Homo sapiens"
"HOXA7","","homeobox A7(HOXA7)","Homo sapiens"
"HOXC4","","homeobox C4(HOXC4)","Homo sapiens"
"HOXD8","","homeobox D8(HOXD8)","Homo sapiens"
"HPGD","","15-hydroxyprostaglandin dehydrogenase(HPGD)","Homo sapiens"
"HPSE2","","heparanase 2 (inactive)(HPSE2)","Homo sapiens"
"HS3ST6","","heparan sulfate-glucosamine 3-sulfotransferase 6(HS3ST6)","Homo sapiens"
"HSD3B1","","hydroxy-delta-5-steroid dehydrogenase, 3 beta- and steroid delta-isomerase 1(HSD3B1)","Homo sapiens"
"HSPB6","","heat shock protein family B (small) member 6(HSPB6)","Homo sapiens"
"HSPB7","","heat shock protein family B (small) member 7(HSPB7)","Homo sapiens"
"HSPB8","","heat shock protein family B (small) member 8(HSPB8)","Homo sapiens"
"HTN1","","histatin 1(HTN1)","Homo sapiens"
"HYAL1","","hyaluronidase 1(HYAL1)","Homo sapiens"
"HYDIN","","HYDIN axonemal central pair apparatus protein(HYDIN)","Homo sapiens"
"IDS","","iduronate 2-sulfatase(IDS)","Homo sapiens"
"IER3IP1","","immediate early response 3 interacting protein 1(IER3IP1)","Homo sapiens"
"IGF1","","insulin like growth factor 1(IGF1)","Homo sapiens"
"IGFBP6","","insulin like growth factor binding protein 6(IGFBP6)","Homo sapiens"
"IGFN1","","immunoglobulin like and fibronectin type III domain containing 1(IGFN1)","Homo sapiens"
"IGSF10","","immunoglobulin superfamily member 10(IGSF10)","Homo sapiens"
"IGSF9B","","immunoglobulin superfamily member 9B(IGSF9B)","Homo sapiens"
"IL1RL1","","interleukin 1 receptor like 1(IL1RL1)","Homo sapiens"
"IL20RA","","interleukin 20 receptor subunit alpha(IL20RA)","Homo sapiens"
"IL33","","interleukin 33(IL33)","Homo sapiens"
"IL6","","interleukin 6(IL6)","Homo sapiens"
"INMT","","indolethylamine N-methyltransferase(INMT)","Homo sapiens"
"INPP1","","inositol polyphosphate-1-phosphatase(INPP1)","Homo sapiens"
"INPP4B","","inositol polyphosphate-4-phosphatase type II B(INPP4B)","Homo sapiens"
"INPP5J","","inositol polyphosphate-5-phosphatase J(INPP5J)","Homo sapiens"
"IQCJ","","IQ motif containing J(IQCJ)","Homo sapiens"
"ISLR2","","immunoglobulin superfamily containing leucine rich repeat 2(ISLR2)","Homo sapiens"
"ITFG3","","",""
"ITGA7","","integrin subunit alpha 7(ITGA7)","Homo sapiens"
"ITGA8","","integrin subunit alpha 8(ITGA8)","Homo sapiens"
"ITGB3","","integrin subunit beta 3(ITGB3)","Homo sapiens"
"ITIH5","","inter-alpha-trypsin inhibitor heavy chain 5(ITIH5)","Homo sapiens"
"ITM2A","","integral membrane protein 2A(ITM2A)","Homo sapiens"
"IVL","","involucrin(IVL)","Homo sapiens"
"JAM2","","junctional adhesion molecule 2(JAM2)","Homo sapiens"
"JAM3","","junctional adhesion molecule 3(JAM3)","Homo sapiens"
"KBTBD4","","kelch repeat and BTB domain containing 4(KBTBD4)","Homo sapiens"
"KCNA1","","potassium voltage-gated channel subfamily A member 1(KCNA1)","Homo sapiens"
"KCND3","","potassium voltage-gated channel subfamily D member 3(KCND3)","Homo sapiens"
"KCNJ12","","potassium inwardly rectifying channel subfamily J member 12(KCNJ12)","Homo sapiens"
"KCNJ15","","potassium inwardly rectifying channel subfamily J member 15(KCNJ15)","Homo sapiens"
"KCNK7","","potassium two pore domain channel subfamily K member 7(KCNK7)","Homo sapiens"
"KIAA0391","","",""
"KIAA1324L","","",""
"KIAA1328","","KIAA1328(KIAA1328)","Homo sapiens"
"KIAA1377","","",""
"KIAA1683","","",""
"KIT","","KIT proto-oncogene, receptor tyrosine kinase(KIT)","Homo sapiens"
"KL","","klotho(KL)","Homo sapiens"
"KLF15","","KLF transcription factor 15(KLF15)","Homo sapiens"
"KLF4","","KLF transcription factor 4(KLF4)","Homo sapiens"
"KLF9","","KLF transcription factor 9(KLF9)","Homo sapiens"
"KLHL13","","kelch like family member 13(KLHL13)","Homo sapiens"
"KLHL29","","kelch like family member 29(KLHL29)","Homo sapiens"
"KLK13","","kallikrein related peptidase 13(KLK13)","Homo sapiens"
"KLK3","","kallikrein related peptidase 3(KLK3)","Homo sapiens"
"KLK9","","kallikrein related peptidase 9(KLK9)","Homo sapiens"
"KPRP","","keratinocyte proline rich protein(KPRP)","Homo sapiens"
"KRBOX1","","KRAB box domain containing 1(KRBOX1)","Homo sapiens"
"KRT1","","keratin 1(KRT1)","Homo sapiens"
"KRT10","","keratin 10(KRT10)","Homo sapiens"
"KRT13","","keratin 13(KRT13)","Homo sapiens"
"KRT14","","keratin 14(KRT14)","Homo sapiens"
"KRT15","","keratin 15(KRT15)","Homo sapiens"
"KRT2","","keratin 2(KRT2)","Homo sapiens"
"KRT222","","keratin 222(KRT222)","Homo sapiens"
"KRT4","","keratin 4(KRT4)","Homo sapiens"
"KRT77","","keratin 77(KRT77)","Homo sapiens"
"KRT79","","keratin 79(KRT79)","Homo sapiens"
"KY","","kyphoscoliosis peptidase(KY)","Homo sapiens"
"LAMA2","","laminin subunit alpha 2(LAMA2)","Homo sapiens"
"LAMA3","","laminin subunit alpha 3(LAMA3)","Homo sapiens"
"LAMC3","","laminin subunit gamma 3(LAMC3)","Homo sapiens"
"LCE1A","","late cornified envelope 1A(LCE1A)","Homo sapiens"
"LCE1B","","late cornified envelope 1B(LCE1B)","Homo sapiens"
"LCE1C","","late cornified envelope 1C(LCE1C)","Homo sapiens"
"LCE1E","","late cornified envelope 1E(LCE1E)","Homo sapiens"
"LCE1F","","late cornified envelope 1F(LCE1F)","Homo sapiens"
"LCE2B","","late cornified envelope 2B(LCE2B)","Homo sapiens"
"LCE2C","","late cornified envelope 2C(LCE2C)","Homo sapiens"
"LCN10","","lipocalin 10(LCN10)","Homo sapiens"
"LCN6","","lipocalin 6(LCN6)","Homo sapiens"
"LCNL1","","lipocalin like 1(LCNL1)","Homo sapiens"
"LDB2","","LIM domain binding 2(LDB2)","Homo sapiens"
"LDB3","","LIM domain binding 3(LDB3)","Homo sapiens"
"LDLRAD2","","low density lipoprotein receptor class A domain containing 2(LDLRAD2)","Homo sapiens"
"LEP","","leptin(LEP)","Homo sapiens"
"LEPR","","leptin receptor(LEPR)","Homo sapiens"
"LEPREL1","","",""
"LGALS7","","galectin 7(LGALS7)","Homo sapiens"
"LGI4","","leucine rich repeat LGI family member 4(LGI4)","Homo sapiens"
"LHFP","","",""
"LIFR","","LIF receptor subunit alpha(LIFR)","Homo sapiens"
"LIMS2","","LIM zinc finger domain containing 2(LIMS2)","Homo sapiens"
"LIMS3","","LIM zinc finger domain containing 3(LIMS3)","Homo sapiens"
"LIN7A","","lin-7 homolog A, crumbs cell polarity complex component(LIN7A)","Homo sapiens"
"LMOD1","","leiomodin 1(LMOD1)","Homo sapiens"
"LONRF2","","LON peptidase N-terminal domain and ring finger 2(LONRF2)","Homo sapiens"
"LOR","","",""
"LPAR1","","lysophosphatidic acid receptor 1(LPAR1)","Homo sapiens"
"LPHN3","","",""
"LRFN5","","leucine rich repeat and fibronectin type III domain containing 5(LRFN5)","Homo sapiens"
"LRP1B","","LDL receptor related protein 1B(LRP1B)","Homo sapiens"
"LRP4","","LDL receptor related protein 4(LRP4)","Homo sapiens"
"LRRC17","","leucine rich repeat containing 17(LRRC17)","Homo sapiens"
"LRRC4B","","leucine rich repeat containing 4B(LRRC4B)","Homo sapiens"
"LRRC7","","leucine rich repeat containing 7(LRRC7)","Homo sapiens"
"LRRN4CL","","LRRN4 C-terminal like(LRRN4CL)","Homo sapiens"
"LRRTM1","","leucine rich repeat transmembrane neuronal 1(LRRTM1)","Homo sapiens"
"LSP1","","lymphocyte specific protein 1(LSP1)","Homo sapiens"
"LTB4R2","","leukotriene B4 receptor 2(LTB4R2)","Homo sapiens"
"LY6G6C","","lymphocyte antigen 6 family member G6C(LY6G6C)","Homo sapiens"
"LYPD6B","","LY6/PLAUR domain containing 6B(LYPD6B)","Homo sapiens"
"LYVE1","","lymphatic vessel endothelial hyaluronan receptor 1(LYVE1)","Homo sapiens"
"MAATS1","","",""
"MAB21L1","","mab-21 like 1(MAB21L1)","Homo sapiens"
"MAG","","myelin associated glycoprotein(MAG)","Homo sapiens"
"MALRD1","","MAM and LDL receptor class A domain containing 1(MALRD1)","Homo sapiens"
"MAMDC2","","MAM domain containing 2(MAMDC2)","Homo sapiens"
"MAOA","","monoamine oxidase A(MAOA)","Homo sapiens"
"MAOB","","monoamine oxidase B(MAOB)","Homo sapiens"
"MAPK10","","mitogen-activated protein kinase 10(MAPK10)","Homo sapiens"
"MAPT","","microtubule associated protein tau(MAPT)","Homo sapiens"
"MASP1","","MBL associated serine protease 1(MASP1)","Homo sapiens"
"MASP2","","MBL associated serine protease 2(MASP2)","Homo sapiens"
"MAST4","","microtubule associated serine/threonine kinase family member 4(MAST4)","Homo sapiens"
"MCC","","MCC regulator of WNT signaling pathway(MCC)","Homo sapiens"
"MCTP1","","multiple C2 and transmembrane domain containing 1(MCTP1)","Homo sapiens"
"MDGA2","","MAM domain containing glycosylphosphatidylinositol anchor 2(MDGA2)","Homo sapiens"
"MEF2C","","myocyte enhancer factor 2C(MEF2C)","Homo sapiens"
"MEIS1","","Meis homeobox 1(MEIS1)","Homo sapiens"
"MEIS2","","Meis homeobox 2(MEIS2)","Homo sapiens"
"MEOX1","","mesenchyme homeobox 1(MEOX1)","Homo sapiens"
"MEOX2","","mesenchyme homeobox 2(MEOX2)","Homo sapiens"
"MFAP4","","microfibril associated protein 4(MFAP4)","Homo sapiens"
"MFN1","","mitofusin 1(MFN1)","Homo sapiens"
"MFRP","","membrane frizzled-related protein(MFRP)","Homo sapiens"
"MIPOL1","","mirror-image polydactyly 1(MIPOL1)","Homo sapiens"
"MME","","membrane metalloendopeptidase(MME)","Homo sapiens"
"MMP28","","matrix metallopeptidase 28(MMP28)","Homo sapiens"
"MMRN1","","multimerin 1(MMRN1)","Homo sapiens"
"MOCS1","","molybdenum cofactor synthesis 1(MOCS1)","Homo sapiens"
"MOSPD2","","motile sperm domain containing 2(MOSPD2)","Homo sapiens"
"MPP2","","MAGUK p55 scaffold protein 2(MPP2)","Homo sapiens"
"MPPED1","","metallophosphoesterase domain containing 1(MPPED1)","Homo sapiens"
"MRGPRF","","MAS related GPR family member F(MRGPRF)","Homo sapiens"
"MRPL30","","mitochondrial ribosomal protein L30(MRPL30)","Homo sapiens"
"MRPS17","","mitochondrial ribosomal protein S17(MRPS17)","Homo sapiens"
"MRVI1","","",""
"MT1M","","metallothionein 1M(MT1M)","Homo sapiens"
"MUC3A","","mucin 3A, cell surface associated(MUC3A)","Homo sapiens"
"MUC4","","mucin 4, cell surface associated(MUC4)","Homo sapiens"
"MYBPC1","","myosin binding protein C1(MYBPC1)","Homo sapiens"
"MYCT1","","MYC target 1(MYCT1)","Homo sapiens"
"MYH11","","myosin heavy chain 11(MYH11)","Homo sapiens"
"MYLK","","myosin light chain kinase(MYLK)","Homo sapiens"
"MYOC","","myocilin(MYOC)","Homo sapiens"
"MYOCD","","myocardin(MYOCD)","Homo sapiens"
"MYOM2","","myomesin 2(MYOM2)","Homo sapiens"
"NAA60","","N-alpha-acetyltransferase 60, NatF catalytic subunit(NAA60)","Homo sapiens"
"NAV3","","neuron navigator 3(NAV3)","Homo sapiens"
"NBEA","","neurobeachin(NBEA)","Homo sapiens"
"NCAM1","","neural cell adhesion molecule 1(NCAM1)","Homo sapiens"
"NDUFA7","","NADH:ubiquinone oxidoreductase subunit A7(NDUFA7)","Homo sapiens"
"NDUFB8","","NADH:ubiquinone oxidoreductase subunit B8(NDUFB8)","Homo sapiens"
"NEDD4","","NEDD4 E3 ubiquitin protein ligase(NEDD4)","Homo sapiens"
"NEXN","","nexilin F-actin binding protein(NEXN)","Homo sapiens"
"NGF","","nerve growth factor(NGF)","Homo sapiens"
"NGFR","","nerve growth factor receptor(NGFR)","Homo sapiens"
"NIPAL4","","NIPA like domain containing 4(NIPAL4)","Homo sapiens"
"NLGN1","","neuroligin 1(NLGN1)","Homo sapiens"
"NOVA1","","NOVA alternative splicing regulator 1(NOVA1)","Homo sapiens"
"NPIPA7","","nuclear pore complex interacting protein family member A7(NPIPA7)","Homo sapiens"
"NPR1","","natriuretic peptide receptor 1(NPR1)","Homo sapiens"
"NPY1R","","neuropeptide Y receptor Y1(NPY1R)","Homo sapiens"
"NR3C2","","nuclear receptor subfamily 3 group C member 2(NR3C2)","Homo sapiens"
"NR4A1","","nuclear receptor subfamily 4 group A member 1(NR4A1)","Homo sapiens"
"NR4A2","","nuclear receptor subfamily 4 group A member 2(NR4A2)","Homo sapiens"
"NR4A3","","nuclear receptor subfamily 4 group A member 3(NR4A3)","Homo sapiens"
"NRG1","","neuregulin 1(NRG1)","Homo sapiens"
"NRXN1","","neurexin 1(NRXN1)","Homo sapiens"
"NRXN2","","neurexin 2(NRXN2)","Homo sapiens"
"NTF4","","neurotrophin 4(NTF4)","Homo sapiens"
"NTRK2","","neurotrophic receptor tyrosine kinase 2(NTRK2)","Homo sapiens"
"NXPH3","","neurexophilin 3(NXPH3)","Homo sapiens"
"OC90","","otoconin 90(OC90)","Homo sapiens"
"OGN","","osteoglycin(OGN)","Homo sapiens"
"OLFM1","","olfactomedin 1(OLFM1)","Homo sapiens"
"OPHN1","","oligophrenin 1(OPHN1)","Homo sapiens"
"OR5P2","","olfactory receptor family 5 subfamily P member 2(OR5P2)","Homo sapiens"
"OR5P3","","olfactory receptor family 5 subfamily P member 3(OR5P3)","Homo sapiens"
"OSR2","","odd-skipped related transciption factor 2(OSR2)","Homo sapiens"
"OXTR","","oxytocin receptor(OXTR)","Homo sapiens"
"PAGR1","","PAXIP1 associated glutamate rich protein 1(PAGR1)","Homo sapiens"
"PALM","","paralemmin(PALM)","Homo sapiens"
"PALMD","","palmdelphin(PALMD)","Homo sapiens"
"PAMR1","","peptidase domain containing associated with muscle regeneration 1(PAMR1)","Homo sapiens"
"PAPPA","","pappalysin 1(PAPPA)","Homo sapiens"
"PAPPA2","","pappalysin 2(PAPPA2)","Homo sapiens"
"PARM1","","prostate androgen-regulated mucin-like protein 1(PARM1)","Homo sapiens"
"PAX3","","paired box 3(PAX3)","Homo sapiens"
"PCDH19","","protocadherin 19(PCDH19)","Homo sapiens"
"PCK1","","phosphoenolpyruvate carboxykinase 1(PCK1)","Homo sapiens"
"PCP4L1","","Purkinje cell protein 4 like 1(PCP4L1)","Homo sapiens"
"PCSK2","","proprotein convertase subtilisin/kexin type 2(PCSK2)","Homo sapiens"
"PCSK5","","proprotein convertase subtilisin/kexin type 5(PCSK5)","Homo sapiens"
"PDE1C","","phosphodiesterase 1C(PDE1C)","Homo sapiens"
"PDE2A","","phosphodiesterase 2A(PDE2A)","Homo sapiens"
"PDGFD","","platelet derived growth factor D(PDGFD)","Homo sapiens"
"PDGFRA","","platelet derived growth factor receptor alpha(PDGFRA)","Homo sapiens"
"PDGFRL","","platelet derived growth factor receptor like(PDGFRL)","Homo sapiens"
"PDK4","","pyruvate dehydrogenase kinase 4(PDK4)","Homo sapiens"
"PDLIM3","","PDZ and LIM domain 3(PDLIM3)","Homo sapiens"
"PEG3","","paternally expressed 3(PEG3)","Homo sapiens"
"PELI2","","pellino E3 ubiquitin protein ligase family member 2(PELI2)","Homo sapiens"
"PENK","","proenkephalin(PENK)","Homo sapiens"
"PER1","","period circadian regulator 1(PER1)","Homo sapiens"
"PER2","","period circadian regulator 2(PER2)","Homo sapiens"
"PGM5","","phosphoglucomutase 5(PGM5)","Homo sapiens"
"PGR","","progesterone receptor(PGR)","Homo sapiens"
"PHF21B","","PHD finger protein 21B(PHF21B)","Homo sapiens"
"PHYHIP","","phytanoyl-CoA 2-hydroxylase interacting protein(PHYHIP)","Homo sapiens"
"PI16","","peptidase inhibitor 16(PI16)","Homo sapiens"
"PI4K2A","","phosphatidylinositol 4-kinase type 2 alpha(PI4K2A)","Homo sapiens"
"PID1","","phosphotyrosine interaction domain containing 1(PID1)","Homo sapiens"
"PIK3C2G","","phosphatidylinositol-4-phosphate 3-kinase catalytic subunit type 2 gamma(PIK3C2G)","Homo sapiens"
"PIK3R1","","phosphoinositide-3-kinase regulatory subunit 1(PIK3R1)","Homo sapiens"
"PIK3R2","","phosphoinositide-3-kinase regulatory subunit 2(PIK3R2)","Homo sapiens"
"PKNOX2","","PBX/knotted 1 homeobox 2(PKNOX2)","Homo sapiens"
"PLA2G4E","","phospholipase A2 group IVE(PLA2G4E)","Homo sapiens"
"PLA2G4F","","phospholipase A2 group IVF(PLA2G4F)","Homo sapiens"
"PLA2R1","","phospholipase A2 receptor 1(PLA2R1)","Homo sapiens"
"PLAC9","","placenta associated 9(PLAC9)","Homo sapiens"
"PLEKHH2","","pleckstrin homology, MyTH4 and FERM domain containing H2(PLEKHH2)","Homo sapiens"
"PLIN1","","perilipin 1(PLIN1)","Homo sapiens"
"PLIN4","","perilipin 4(PLIN4)","Homo sapiens"
"PLIN5","","perilipin 5(PLIN5)","Homo sapiens"
"PLLP","","plasmolipin(PLLP)","Homo sapiens"
"PLN","","phospholamban(PLN)","Homo sapiens"
"PLP1","","proteolipid protein 1(PLP1)","Homo sapiens"
"PLXNA4","","plexin A4(PLXNA4)","Homo sapiens"
"PM20D1","","peptidase M20 domain containing 1(PM20D1)","Homo sapiens"
"PMEL","","premelanosome protein(PMEL)","Homo sapiens"
"PNPLA5","","patatin like domain 5, triacylglycerol lipase(PNPLA5)","Homo sapiens"
"PNPLA7","","patatin like domain 7, lysophospholipase(PNPLA7)","Homo sapiens"
"POF1B","","POF1B actin binding protein(POF1B)","Homo sapiens"
"POLR2J2","","RNA polymerase II subunit J2(POLR2J2)","Homo sapiens"
"POPDC2","","popeye domain cAMP effector 2(POPDC2)","Homo sapiens"
"POTEC","","POTE ankyrin domain family member C(POTEC)","Homo sapiens"
"POU2F3","","POU class 2 homeobox 3(POU2F3)","Homo sapiens"
"POU3F1","","POU class 3 homeobox 1(POU3F1)","Homo sapiens"
"PPAP2B","","",""
"PPARG","","peroxisome proliferator activated receptor gamma(PPARG)","Homo sapiens"
"PPARGC1A","","PPARG coactivator 1 alpha(PPARGC1A)","Homo sapiens"
"PPFIA2","","PTPRF interacting protein alpha 2(PPFIA2)","Homo sapiens"
"PPP1R14A","","protein phosphatase 1 regulatory inhibitor subunit 14A(PPP1R14A)","Homo sapiens"
"PPP1R15A","","protein phosphatase 1 regulatory subunit 15A(PPP1R15A)","Homo sapiens"
"PPP1R1A","","protein phosphatase 1 regulatory inhibitor subunit 1A(PPP1R1A)","Homo sapiens"
"PPP4R4","","protein phosphatase 4 regulatory subunit 4(PPP4R4)","Homo sapiens"
"PRDM16","","PR/SET domain 16(PRDM16)","Homo sapiens"
"PRDM8","","PR/SET domain 8(PRDM8)","Homo sapiens"
"PRELP","","proline and arginine rich end leucine rich repeat protein(PRELP)","Homo sapiens"
"PREX2","","phosphatidylinositol-3,4,5-trisphosphate dependent Rac exchange factor 2(PREX2)","Homo sapiens"
"PROL1","","",""
"PROS1","","protein S(PROS1)","Homo sapiens"
"PROX1","","prospero homeobox 1(PROX1)","Homo sapiens"
"PRRG3","","proline rich and Gla domain 3(PRRG3)","Homo sapiens"
"PRRT4","","proline rich transmembrane protein 4(PRRT4)","Homo sapiens"
"PRSS12","","serine protease 12(PRSS12)","Homo sapiens"
"PRTG","","protogenin(PRTG)","Homo sapiens"
"PRUNE2","","prune homolog 2 with BCH domain(PRUNE2)","Homo sapiens"
"PSAPL1","","prosaposin like 1(PSAPL1)","Homo sapiens"
"PSG1","","pregnancy specific beta-1-glycoprotein 1(PSG1)","Homo sapiens"
"PSG11","","pregnancy specific beta-1-glycoprotein 11(PSG11)","Homo sapiens"
"PSG2","","pregnancy specific beta-1-glycoprotein 2(PSG2)","Homo sapiens"
"PSG4","","pregnancy specific beta-1-glycoprotein 4(PSG4)","Homo sapiens"
"PSG5","","pregnancy specific beta-1-glycoprotein 5(PSG5)","Homo sapiens"
"PSG6","","pregnancy specific beta-1-glycoprotein 6(PSG6)","Homo sapiens"
"PSG8","","pregnancy specific beta-1-glycoprotein 8(PSG8)","Homo sapiens"
"PSG9","","pregnancy specific beta-1-glycoprotein 9(PSG9)","Homo sapiens"
"PSMA1","","proteasome 20S subunit alpha 1(PSMA1)","Homo sapiens"
"PSMA2","","proteasome 20S subunit alpha 2(PSMA2)","Homo sapiens"
"PTGDS","","prostaglandin D2 synthase(PTGDS)","Homo sapiens"
"PTGER3","","prostaglandin E receptor 3(PTGER3)","Homo sapiens"
"PTGFR","","prostaglandin F receptor(PTGFR)","Homo sapiens"
"PTGS2","","prostaglandin-endoperoxide synthase 2(PTGS2)","Homo sapiens"
"PTH1R","","parathyroid hormone 1 receptor(PTH1R)","Homo sapiens"
"PTHLH","","parathyroid hormone like hormone(PTHLH)","Homo sapiens"
"PTN","","pleiotrophin(PTN)","Homo sapiens"
"PTPN5","","protein tyrosine phosphatase non-receptor type 5(PTPN5)","Homo sapiens"
"PTPRZ1","","protein tyrosine phosphatase receptor type Z1(PTPRZ1)","Homo sapiens"
"PYGM","","glycogen phosphorylase, muscle associated(PYGM)","Homo sapiens"
"RAB38","","RAB38, member RAS oncogene family(RAB38)","Homo sapiens"
"RAB3C","","RAB3C, member RAS oncogene family(RAB3C)","Homo sapiens"
"RAI2","","retinoic acid induced 2(RAI2)","Homo sapiens"
"RAPGEF3","","Rap guanine nucleotide exchange factor 3(RAPGEF3)","Homo sapiens"
"RAPGEFL1","","Rap guanine nucleotide exchange factor like 1(RAPGEFL1)","Homo sapiens"
"RASEF","","RAS and EF-hand domain containing(RASEF)","Homo sapiens"
"RASL11A","","RAS like family 11 member A(RASL11A)","Homo sapiens"
"RASSF8","","Ras association domain family member 8(RASSF8)","Homo sapiens"
"RBL1","","RB transcriptional corepressor like 1(RBL1)","Homo sapiens"
"RBM24","","RNA binding motif protein 24(RBM24)","Homo sapiens"
"RBMS3","","RNA binding motif single stranded interacting protein 3(RBMS3)","Homo sapiens"
"RDH12","","retinol dehydrogenase 12(RDH12)","Homo sapiens"
"REL","","REL proto-oncogene, NF-kB subunit(REL)","Homo sapiens"
"RELN","","reelin(RELN)","Homo sapiens"
"RERG","","RAS like estrogen regulated growth inhibitor(RERG)","Homo sapiens"
"RFX2","","regulatory factor X2(RFX2)","Homo sapiens"
"RGS5","","regulator of G protein signaling 5(RGS5)","Homo sapiens"
"RHOJ","","ras homolog family member J(RHOJ)","Homo sapiens"
"RIC3","","RIC3 acetylcholine receptor chaperone(RIC3)","Homo sapiens"
"RIMBP2","","RIMS binding protein 2(RIMBP2)","Homo sapiens"
"RNASE11","","ribonuclease A family member 11 (inactive)(RNASE11)","Homo sapiens"
"ROBO2","","roundabout guidance receptor 2(ROBO2)","Homo sapiens"
"RORA","","RAR related orphan receptor A(RORA)","Homo sapiens"
"RPAP2","","RNA polymerase II associated protein 2(RPAP2)","Homo sapiens"
"RPP14","","ribonuclease P/MRP subunit p14(RPP14)","Homo sapiens"
"RRAD","","RRAD, Ras related glycolysis inhibitor and calcium channel regulator(RRAD)","Homo sapiens"
"RSPO3","","R-spondin 3(RSPO3)","Homo sapiens"
"RTL1","","retrotransposon Gag like 1(RTL1)","Homo sapiens"
"RUNX1T1","","RUNX1 partner transcriptional co-repressor 1(RUNX1T1)","Homo sapiens"
"SCARA5","","scavenger receptor class A member 5(SCARA5)","Homo sapiens"
"SCEL","","sciellin(SCEL)","Homo sapiens"
"SCGB1D2","","secretoglobin family 1D member 2(SCGB1D2)","Homo sapiens"
"SCGB2A1","","secretoglobin family 2A member 1(SCGB2A1)","Homo sapiens"
"SCGB2A2","","secretoglobin family 2A member 2(SCGB2A2)","Homo sapiens"
"SCN4A","","sodium voltage-gated channel alpha subunit 4(SCN4A)","Homo sapiens"
"SCN4B","","sodium voltage-gated channel beta subunit 4(SCN4B)","Homo sapiens"
"SCUBE2","","signal peptide, CUB domain and EGF like domain containing 2(SCUBE2)","Homo sapiens"
"SDHD","","succinate dehydrogenase complex subunit D(SDHD)","Homo sapiens"
"SDPR","","",""
"SEC14L6","","SEC14 like lipid binding 6(SEC14L6)","Homo sapiens"
"SEMA3A","","semaphorin 3A(SEMA3A)","Homo sapiens"
"SEMA3D","","semaphorin 3D(SEMA3D)","Homo sapiens"
"SEMA3E","","semaphorin 3E(SEMA3E)","Homo sapiens"
"SEMA3G","","semaphorin 3G(SEMA3G)","Homo sapiens"
"SEMA5A","","semaphorin 5A(SEMA5A)","Homo sapiens"
"SEMA6A","","semaphorin 6A(SEMA6A)","Homo sapiens"
"SEMA6D","","semaphorin 6D(SEMA6D)","Homo sapiens"
"SERPINA12","","serpin family A member 12(SERPINA12)","Homo sapiens"
"SERPINA5","","serpin family A member 5(SERPINA5)","Homo sapiens"
"SERPINB12","","serpin family B member 12(SERPINB12)","Homo sapiens"
"SERPINB13","","serpin family B member 13(SERPINB13)","Homo sapiens"
"SERPINB2","","serpin family B member 2(SERPINB2)","Homo sapiens"
"SERPINB3","","serpin family B member 3(SERPINB3)","Homo sapiens"
"SGCA","","sarcoglycan alpha(SGCA)","Homo sapiens"
"SGK2","","serum/glucocorticoid regulated kinase 2(SGK2)","Homo sapiens"
"SH3BGRL2","","SH3 domain binding glutamate rich protein like 2(SH3BGRL2)","Homo sapiens"
"SH3D19","","SH3 domain containing 19(SH3D19)","Homo sapiens"
"SH3RF2","","SH3 domain containing ring finger 2(SH3RF2)","Homo sapiens"
"SHE","","Src homology 2 domain containing E(SHE)","Homo sapiens"
"SHISA6","","shisa family member 6(SHISA6)","Homo sapiens"
"SHPK","","sedoheptulokinase(SHPK)","Homo sapiens"
"SIGLEC5","","sialic acid binding Ig like lectin 5(SIGLEC5)","Homo sapiens"
"SLC10A6","","solute carrier family 10 member 6(SLC10A6)","Homo sapiens"
"SLC17A7","","solute carrier family 17 member 7(SLC17A7)","Homo sapiens"
"SLC1A7","","solute carrier family 1 member 7(SLC1A7)","Homo sapiens"
"SLC22A3","","solute carrier family 22 member 3(SLC22A3)","Homo sapiens"
"SLC25A10","","solute carrier family 25 member 10(SLC25A10)","Homo sapiens"
"SLC26A5","","solute carrier family 26 member 5(SLC26A5)","Homo sapiens"
"SLC2A4","","solute carrier family 2 member 4(SLC2A4)","Homo sapiens"
"SLC38A6","","solute carrier family 38 member 6(SLC38A6)","Homo sapiens"
"SLC5A3","","solute carrier family 5 member 3(SLC5A3)","Homo sapiens"
"SLC7A2","","solute carrier family 7 member 2(SLC7A2)","Homo sapiens"
"SLC9A4","","solute carrier family 9 member A4(SLC9A4)","Homo sapiens"
"SLIT2","","slit guidance ligand 2(SLIT2)","Homo sapiens"
"SLIT3","","slit guidance ligand 3(SLIT3)","Homo sapiens"
"SMYD1","","SET and MYND domain containing 1(SMYD1)","Homo sapiens"
"SNCA","","synuclein alpha(SNCA)","Homo sapiens"
"SNCG","","synuclein gamma(SNCG)","Homo sapiens"
"SNTG2","","syntrophin gamma 2(SNTG2)","Homo sapiens"
"SNURF","","SNRPN upstream open reading frame(SNURF)","Homo sapiens"
"SOCS2","","suppressor of cytokine signaling 2(SOCS2)","Homo sapiens"
"SOGA3","","",""
"SORBS1","","sorbin and SH3 domain containing 1(SORBS1)","Homo sapiens"
"SORCS1","","sortilin related VPS10 domain containing receptor 1(SORCS1)","Homo sapiens"
"SOX5","","SRY-box transcription factor 5(SOX5)","Homo sapiens"
"SOX7","","SRY-box transcription factor 7(SOX7)","Homo sapiens"
"SPARCL1","","SPARC like 1(SPARCL1)","Homo sapiens"
"SPINK5","","serine peptidase inhibitor Kazal type 5(SPINK5)","Homo sapiens"
"SPRR1B","","small proline rich protein 1B(SPRR1B)","Homo sapiens"
"SPRR4","","small proline rich protein 4(SPRR4)","Homo sapiens"
"SPRY1","","sprouty RTK signaling antagonist 1(SPRY1)","Homo sapiens"
"SPRY2","","sprouty RTK signaling antagonist 2(SPRY2)","Homo sapiens"
"SPTBN4","","spectrin beta, non-erythrocytic 4(SPTBN4)","Homo sapiens"
"SPTLC3","","serine palmitoyltransferase long chain base subunit 3(SPTLC3)","Homo sapiens"
"SRPX","","sushi repeat containing protein X-linked(SRPX)","Homo sapiens"
"SSBP2","","single stranded DNA binding protein 2(SSBP2)","Homo sapiens"
"STK32B","","serine/threonine kinase 32B(STK32B)","Homo sapiens"
"STON2","","stonin 2(STON2)","Homo sapiens"
"STX1B","","syntaxin 1B(STX1B)","Homo sapiens"
"STXBP1","","syntaxin binding protein 1(STXBP1)","Homo sapiens"
"STXBP6","","syntaxin binding protein 6(STXBP6)","Homo sapiens"
"SULT1B1","","sulfotransferase family 1B member 1(SULT1B1)","Homo sapiens"
"SVEP1","","sushi, von Willebrand factor type A, EGF and pentraxin domain containing 1(SVEP1)","Homo sapiens"
"SYBU","","syntabulin(SYBU)","Homo sapiens"
"SYNPO2","","synaptopodin 2(SYNPO2)","Homo sapiens"
"SYPL2","","synaptophysin like 2(SYPL2)","Homo sapiens"
"SYTL2","","synaptotagmin like 2(SYTL2)","Homo sapiens"
"TAC1","","tachykinin precursor 1(TAC1)","Homo sapiens"
"TACC1","","transforming acidic coiled-coil containing protein 1(TACC1)","Homo sapiens"
"TACR2","","tachykinin receptor 2(TACR2)","Homo sapiens"
"TAP2","","transporter 2, ATP binding cassette subfamily B member(TAP2)","Homo sapiens"
"TAT","","tyrosine aminotransferase(TAT)","Homo sapiens"
"TBC1D8B","","TBC1 domain family member 8B(TBC1D8B)","Homo sapiens"
"TBX15","","T-box transcription factor 15(TBX15)","Homo sapiens"
"TBX18","","T-box transcription factor 18(TBX18)","Homo sapiens"
"TCEAL2","","transcription elongation factor A like 2(TCEAL2)","Homo sapiens"
"TCEAL5","","transcription elongation factor A like 5(TCEAL5)","Homo sapiens"
"TCEAL7","","transcription elongation factor A like 7(TCEAL7)","Homo sapiens"
"TCP10","","",""
"TENM2","","teneurin transmembrane protein 2(TENM2)","Homo sapiens"
"TESC","","tescalcin(TESC)","Homo sapiens"
"TFF1","","trefoil factor 1(TFF1)","Homo sapiens"
"TFF3","","trefoil factor 3(TFF3)","Homo sapiens"
"TFPI","","tissue factor pathway inhibitor(TFPI)","Homo sapiens"
"TG","","thyroglobulin(TG)","Homo sapiens"
"TGFBR3","","transforming growth factor beta receptor 3(TGFBR3)","Homo sapiens"
"THBD","","thrombomodulin(THBD)","Homo sapiens"
"THRB","","thyroid hormone receptor beta(THRB)","Homo sapiens"
"THRSP","","thyroid hormone responsive(THRSP)","Homo sapiens"
"THSD4","","thrombospondin type 1 domain containing 4(THSD4)","Homo sapiens"
"TIMM10B","","translocase of inner mitochondrial membrane 10B(TIMM10B)","Homo sapiens"
"TIMP4","","TIMP metallopeptidase inhibitor 4(TIMP4)","Homo sapiens"
"TIPARP","","TCDD inducible poly(ADP-ribose) polymerase(TIPARP)","Homo sapiens"
"TLR9","","toll like receptor 9(TLR9)","Homo sapiens"
"TM4SF19","","transmembrane 4 L six family member 19(TM4SF19)","Homo sapiens"
"TM9SF1","","transmembrane 9 superfamily member 1(TM9SF1)","Homo sapiens"
"TMBIM4","","transmembrane BAX inhibitor motif containing 4(TMBIM4)","Homo sapiens"
"TMEM130","","transmembrane protein 130(TMEM130)","Homo sapiens"
"TMEM132C","","transmembrane protein 132C(TMEM132C)","Homo sapiens"
"TMEM178A","","transmembrane protein 178A(TMEM178A)","Homo sapiens"
"TMEM182","","transmembrane protein 182(TMEM182)","Homo sapiens"
"TMEM212","","transmembrane protein 212(TMEM212)","Homo sapiens"
"TMEM236","","transmembrane protein 236(TMEM236)","Homo sapiens"
"TMEM239","","transmembrane protein 239(TMEM239)","Homo sapiens"
"TMEM246","","",""
"TMEM26","","transmembrane protein 26(TMEM26)","Homo sapiens"
"TMEM45A","","transmembrane protein 45A(TMEM45A)","Homo sapiens"
"TMEM88","","transmembrane protein 88(TMEM88)","Homo sapiens"
"TMOD1","","tropomodulin 1(TMOD1)","Homo sapiens"
"TNN","","tenascin N(TNN)","Homo sapiens"
"TNNT3","","troponin T3, fast skeletal type(TNNT3)","Homo sapiens"
"TNS1","","tensin 1(TNS1)","Homo sapiens"
"TNS4","","tensin 4(TNS4)","Homo sapiens"
"TNXB","","tenascin XB(TNXB)","Homo sapiens"
"TP53AIP1","","tumor protein p53 regulated apoptosis inducing protein 1(TP53AIP1)","Homo sapiens"
"TP53TG3","","TP53 target 3(TP53TG3)","Homo sapiens"
"TP53TG3C","","TP53 target 3C(TP53TG3C)","Homo sapiens"
"TP53TG3D","","TP53 target 3D(TP53TG3D)","Homo sapiens"
"TP63","","tumor protein p63(TP63)","Homo sapiens"
"TPO","","thyroid peroxidase(TPO)","Homo sapiens"
"TPPP3","","tubulin polymerization promoting protein family member 3(TPPP3)","Homo sapiens"
"TPRG1","","tumor protein p63 regulated 1(TPRG1)","Homo sapiens"
"TRABD2B","","TraB domain containing 2B(TRABD2B)","Homo sapiens"
"TRHDE","","thyrotropin releasing hormone degrading enzyme(TRHDE)","Homo sapiens"
"TRIM9","","tripartite motif containing 9(TRIM9)","Homo sapiens"
"TRPC6","","transient receptor potential cation channel subfamily C member 6(TRPC6)","Homo sapiens"
"TRPM1","","transient receptor potential cation channel subfamily M member 1(TRPM1)","Homo sapiens"
"TSHZ2","","teashirt zinc finger homeobox 2(TSHZ2)","Homo sapiens"
"TSPAN7","","tetraspanin 7(TSPAN7)","Homo sapiens"
"TSPYL2","","TSPY like 2(TSPYL2)","Homo sapiens"
"TTC28","","tetratricopeptide repeat domain 28(TTC28)","Homo sapiens"
"TTC40","","",""
"TUBB3","","tubulin beta 3 class III(TUBB3)","Homo sapiens"
"TUSC5","","",""
"TWIST2","","twist family bHLH transcription factor 2(TWIST2)","Homo sapiens"
"TYRP1","","tyrosinase related protein 1(TYRP1)","Homo sapiens"
"UGT2A1","","UDP glucuronosyltransferase family 2 member A1 complex locus(UGT2A1)","Homo sapiens"
"UNC93A","","unc-93 homolog A(UNC93A)","Homo sapiens"
"UQCR11","","ubiquinol-cytochrome c reductase, complex III subunit XI(UQCR11)","Homo sapiens"
"USP17L11","","ubiquitin specific peptidase 17 like family member 11(USP17L11)","Homo sapiens"
"USP17L2","","ubiquitin specific peptidase 17 like family member 2(USP17L2)","Homo sapiens"
"USP2","","ubiquitin specific peptidase 2(USP2)","Homo sapiens"
"VIPR2","","vasoactive intestinal peptide receptor 2(VIPR2)","Homo sapiens"
"VIT","","vitrin(VIT)","Homo sapiens"
"WDPCP","","WD repeat containing planar cell polarity effector(WDPCP)","Homo sapiens"
"WDR72","","WD repeat domain 72(WDR72)","Homo sapiens"
"WFDC5","","WAP four-disulfide core domain 5(WFDC5)","Homo sapiens"
"WLS","","Wnt ligand secretion mediator(WLS)","Homo sapiens"
"WNT16","","Wnt family member 16(WNT16)","Homo sapiens"
"WNT4","","Wnt family member 4(WNT4)","Homo sapiens"
"WSCD1","","WSC domain containing 1(WSCD1)","Homo sapiens"
"WSCD2","","WSC domain containing 2(WSCD2)","Homo sapiens"
"ZBTB16","","zinc finger and BTB domain containing 16(ZBTB16)","Homo sapiens"
"ZCCHC12","","zinc finger CCHC-type containing 12(ZCCHC12)","Homo sapiens"
"ZEB1","","zinc finger E-box binding homeobox 1(ZEB1)","Homo sapiens"
"ZFP41","","ZFP41 zinc finger protein(ZFP41)","Homo sapiens"
"ZNF223","","zinc finger protein 223(ZNF223)","Homo sapiens"
"ZNF286A","","zinc finger protein 286A(ZNF286A)","Homo sapiens"
"ZNF385D","","zinc finger protein 385D(ZNF385D)","Homo sapiens"
"ZNF423","","zinc finger protein 423(ZNF423)","Homo sapiens"
"ZNF536","","zinc finger protein 536(ZNF536)","Homo sapiens"
"ZNF571","","zinc finger protein 571(ZNF571)","Homo sapiens"
"ZNF668","","zinc finger protein 668(ZNF668)","Homo sapiens"
"ZNF709","","zinc finger protein 709(ZNF709)","Homo sapiens"
"ZNF747","","zinc finger protein 747(ZNF747)","Homo sapiens"
"ZNF763","","zinc finger protein 763(ZNF763)","Homo sapiens"
"ZNF780A","","zinc finger protein 780A(ZNF780A)","Homo sapiens"
"ZNF788","","",""
"ZNF8","","zinc finger protein 8(ZNF8)","Homo sapiens"

